{"cameraMode":{"drawMode":0,"name":"Shaded","section":"Shading Mode"},"sceneLighting":true,"audioPlay":false,"sceneViewState":{"m_AlwaysRefresh":false,"showFog":true,"showSkybox":true,"showFlares":true,"showImageEffects":true,"showParticleSystems":true,"showVisualEffectGraphs":true,"m_FxEnabled":true},"in2DMode":false,"pivot":{"x":-18.723073959350587,"y":1.0694730281829835,"z":-16.532468795776368},"rotation":{"x":0.07175716757774353,"y":0.14758555591106416,"z":-0.010698843747377396,"w":0.9864431023597717},"size":169.72889709472657,"orthographic":true}